{
    "rules": {
        "member-access": true,
        "no-magic-numbers": [true, 0, 10, 1000],
        "no-var-requires": true,
        "typedef-whitespace": [
            true,
            {
                "call-signature": "nospace",
                "index-signature": "nospace",
                "parameter": "nospace",
                "property-declaration": "nospace",
                "variable-declaration": "nospace"
            },
            {
                "call-signature": "onespace",
                "index-signature": "onespace",
                "parameter": "onespace",
                "property-declaration": "onespace",
                "variable-declaration": "onespace"
            }
        ],
        "curly": true,
        "no-duplicate-super": true,
        "no-duplicate-variable": true,
        "no-empty": true,
        "no-for-in-array": true,
        "no-invalid-template-strings": true,
        "no-invalid-this": true,
        "no-shadowed-variable": true,
        "no-object-literal-type-assertion": true,
        "no-string-literal": true,
        "no-string-throw": true,
        "no-this-assignment": [true, {"allow-destructuring": true}],
        "no-unsafe-finally": true,
        "no-unused-expression": true,
        "no-unused-variable": true,
        "no-var-keyword": true,
        "triple-equals": true,
        "use-default-type-parameter": true,
        "use-isnan": true,
        "cyclomatic-complexity": true,
        "indent": [true, "spaces", 4],
        "linebreak-style": [true, "CRLF"],
        "max-classes-per-file": [true, 1],
        "no-default-export": true,
        "no-duplicate-imports": true,
        "prefer-const": [true, {"destructuring": "all"}],
        "trailing-comma": [
            true,
            {
                "multiline": {
                    "objects": "always",
                    "arrays": "always",
                    "functions": "never",
                    "typeLiterals": "ignore"
                }
            }
        ],
        "arrow-parens": true,
        "arrow-return-shorthand": true,
        "class-name": true,
        "encoding": true,
        "import-spacing": true,
        "interface-name": [true, "always-prefix"],
        "interface-over-type-literal": true,
        "jsdoc-format": true,
        "newline-before-return": true,
        "new-parens": true,
        "no-consecutive-blank-lines": true,
        "no-irregular-whitespace": true,
        "no-parameter-properties": true,
        "no-trailing-whitespace": true,
        "no-unnecessary-initializer": true,
        "number-literal-format": true,
        "object-literal-key-quotes": [true, "as-needed"],
        "object-literal-shorthand": true,
        "one-variable-per-declaration": [true, "ignore-for-loop"],
        "prefer-template": true,
        "semicolon": [true, "always"],
        "variable-name": [true, "ban-keywords"],
        "no-conditional-assignment": true,
        "quotemark": [true, "single"]
    }
}